Date,Close,High,Low,Open,Volume
,AIQ,AIQ,AIQ,AIQ,AIQ
2018-05-01,14.579330444335938,14.74838378035377,14.388904188706348,14.612364099774366,316800
2018-06-01,14.554069519042969,15.409048373096184,14.26940117193539,14.670658344805085,579800
2018-07-01,14.60944938659668,15.38961794852974,14.34032589990801,14.34032589990801,577200
2018-08-01,15.379901885986328,15.583931871187685,14.456913640337437,14.612364175197257,494900
2018-09-01,15.38281536102295,15.515920077189511,14.955325504654347,15.38961629810598,276600
2018-10-01,13.514492988586426,15.496489069363415,12.639111347636662,15.467342327066788,525500
2018-11-01,13.796246528625488,14.097432604009715,12.558470427976891,13.592217490864092,373900
2018-12-01,12.494348526000977,14.12658102188253,11.843398705693847,14.11686513165507,193700
2019-01-01,14.20942497253418,14.277786168318796,12.373430455399077,12.392961826472636,292600
2019-02-01,15.039528846740723,15.234848153111272,14.258255346664434,14.336382696672063,291700
2019-03-01,15.371570587158203,15.654783395810766,14.521934955254954,15.11765623334303,577400
2019-04-01,16.40675926208496,16.543483528782755,15.478997165015848,15.498528537864443,368400
2019-05-01,14.810030937194824,16.53371769977464,14.780733411673655,16.53371769977464,340400
2019-06-01,15.875494003295898,16.088391648643427,14.521935683946893,14.893041081678776,309200
2019-07-01,16.305030822753906,16.8635562394586,16.04046743044064,16.285434849623616,258000
2019-08-01,15.775900840759277,16.56469616314018,15.127226526464732,16.265835637870108,297800
2019-09-01,15.649496078491211,16.212920874638964,15.366314216263158,15.707309330527139,204500
2019-10-01,15.991471290588379,16.114934319749807,15.080193214123828,15.700451026286023,243000
2019-11-01,16.9635009765625,17.075206413042366,16.099256111366614,16.128651000104174,230700
2019-12-01,17.539661407470703,17.833623340818654,16.435349700329173,17.059525638850143,183400
2020-01-01,18.1077880859375,18.988483938541144,17.63356522549401,17.63356522549401,490000
2020-02-01,16.838287353515625,19.607031741531294,16.494648453917073,18.27175188899831,580200
2020-03-01,15.30664348602295,17.886878422398194,12.518261868932484,17.28011087596468,571800
2020-04-01,17.52556800842285,17.76120566785415,14.373911270421559,14.855005059178998,472000
2020-05-01,19.13673973083496,19.29285020904429,16.818652127507942,17.14265412346997,438700
2020-06-01,20.288421630859375,20.662497285742123,19.009104764082316,19.224124201079736,393600
2020-07-01,21.796144485473633,22.111601717095358,20.337151968813032,20.337151968813032,1230900
2020-08-01,23.738176345825195,23.866330125429194,21.829657695045274,21.973586966687908,1143300
2020-09-01,23.170351028442383,24.51696122492249,21.865146324921692,23.866328459187983,743200
2020-10-01,22.781946182250977,24.802844973203385,22.65379052412824,23.412860559860867,664700
2020-11-01,25.591489791870117,25.68514244424226,22.70308352327982,23.087546764844156,855100
2020-12-01,26.813888549804688,27.00119008871244,25.51262476842818,25.729503005460888,1307600
2021-01-01,27.313135147094727,28.794860401556768,26.3253183107867,27.05630254356131,1280000
2021-02-01,28.23180389404297,30.385244806183312,27.57984496080373,27.678627017015042,1591600
2021-03-01,28.113265991210938,29.14059639563371,26.527820436109728,28.696078069852497,1014800
2021-04-01,28.962785720825195,29.723405041946243,28.43924406881815,28.43924406881815,919000
2021-05-01,28.61705207824707,29.11096047929172,26.710567232867984,29.0813271810601,506600
2021-06-01,30.128414154052734,30.374381094196714,28.399734653410366,29.002303539406984,1906500
2021-07-01,30.09455680847168,30.70772121496773,29.234146377411832,30.2132329384863,537500
2021-08-01,31.498905181884766,31.498905181884766,29.35282587798519,30.282464412948237,439600
2021-09-01,29.99565887451172,31.963721995018414,29.718744759695543,31.568131749797512,408000
2021-10-01,31.36044692993164,31.795599046335134,29.07591152307541,29.936321990924803,940100
2021-11-01,31.271440505981445,33.081267584452576,31.19232245448687,31.41978661674338,562600
2021-12-01,31.449451446533203,31.94393968868827,29.936318632785376,31.736255532418156,632400
2022-01-01,28.48423194885254,31.57604236946828,26.080039863847126,31.5117321843339,834100
2022-02-01,26.49557876586914,29.028389286829423,24.279369324142483,28.632637937787393,462300
2022-03-01,26.723134994506836,27.83123874855479,23.299881651224815,26.396639902517013,1357300
2022-04-01,23.022857666015625,27.504744862892778,22.70625657954472,26.8814367097896,1805100
2022-05-01,22.478696823120117,24.081492105641242,20.054718691243753,22.97338646886116,616500
2022-06-01,20.598876953125,23.191051578270145,20.084399258502106,22.716148074799865,612500
2022-07-01,22.319660186767578,22.359340490844463,20.15911758019259,20.563846464647213,366300
2022-08-01,21.426876068115234,23.728280932057245,21.188799898610323,22.131184499726277,549800
2022-09-01,19.016353607177734,22.022069009260388,18.917154723123865,21.040002138394538,467100
2022-10-01,19.51234245300293,20.28609133212709,17.865647721482603,19.13538903521074,251100
2022-11-01,21.565752029418945,21.565752029418945,18.520358614239267,19.95873751144439,652500
2022-12-01,19.93889617919922,21.92286591062081,19.42306359493497,21.506232191339837,596400
2023-01-01,22.741817474365234,23.328767405325674,19.996086076352306,20.244793609895275,966900
2023-02-01,22.443368911743164,24.452926382873468,22.05538573867402,22.9109403228655,764500
2023-03-01,24.462873458862305,24.512614207201548,21.488331547963085,22.542850972155975,707400
2023-04-01,23.706804275512695,24.492721067029407,22.731871106722508,24.293754262281663,1109500
2023-05-01,25.994911193847656,26.39284477504111,23.129801173680047,23.726699647982283,4813400
2023-06-01,27.815452575683594,28.611317905491983,25.865586217754824,25.965069621166883,9211800
2023-07-01,29.508798599243164,29.618349255625095,27.24509741817979,27.945220937830822,8316100
2023-08-01,28.453136444091797,29.32953793969858,26.450362594497882,29.289700644649734,8552600
2023-09-01,26.7999267578125,28.861459293098573,26.252177246342587,28.771827278560327,6107600
2023-10-01,26.052993774414062,27.80579481697836,25.286142962127172,26.7800072927681,7850400
2023-11-01,29.608388900756836,29.81753088296763,26.066934971270467,26.092829590769814,7172400
2023-12-01,31.052457809448242,31.321353824239058,29.201060936026067,29.48888023384819,8280000
2024-01-01,31.16097068786621,32.10566332996344,29.696094951413038,30.76236575643952,11101200
2024-02-01,33.183895111083984,33.2735814681976,31.212792888656562,31.30048541309497,14710300
2024-03-01,33.841590881347656,34.2352140924771,32.85504483946584,33.353301491316294,16112100
2024-04-01,31.978113174438477,34.39964089034173,31.230728170799118,34.085740557316015,14402200
2024-05-01,33.243682861328125,34.688627844239356,31.757880469946354,31.888424223601632,12237200
2024-06-01,35.50577163696289,36.053853217826244,33.044382452111435,33.61239475609304,10936700
2024-07-01,34.920249938964844,37.095282953929356,33.62321284529005,35.618655698945176,12097000
2024-08-01,35.26945114135742,35.69847166211554,30.779706594942272,34.92025016213813,9408600
2024-09-01,37.085304260253906,37.43450904938566,33.184213565017565,34.810500585017905,5377400
2024-10-01,36.48667526245117,38.102983040587766,36.366949747109146,37.055376217832666,6284600
2024-11-01,38.731544494628906,39.080745462687666,36.6163761895192,36.74608103737179,7980200
2024-12-01,38.55195999145508,40.557382433554174,38.43223447142108,38.841300153709085,10006400
2025-01-01,40.36910629272461,41.01780409736743,37.56372708600933,38.78228592301828,14184300
2025-02-01,38.99186325073242,42.6944426746392,38.18348180647936,39.43098192022705,17305200
2025-03-01,36.30724334716797,39.55074355095752,35.285289211913536,39.52080096027007,17262800
2025-04-01,36.796260833740234,37.17550191929872,30.538801957365617,36.297260807977835,14013200
2025-05-01,40.21940231323242,41.08766131362907,37.08568268280033,37.325204376220874,10138900
2025-06-01,43.60261917114258,43.657509476389926,39.97988186722521,40.14954004194034,13731800
2025-07-01,44.53104782104492,45.25041979793243,42.88248831113217,43.50194920739128,22400600
2025-08-01,45.04060363769531,45.72999923205717,43.15724892106621,43.82166865128765,24159100
2025-09-01,49.346832275390625,49.79643973534182,43.97153335596307,44.16136973425535,38320800
2025-10-01,53.03361129760742,53.62409438268152,48.85726420338261,49.176984226842215,43006000
2025-11-01,50.09617614746094,53.70302155372454,46.43937520435022,53.663055599701586,45753600
2025-12-01,50.815547943115234,52.20932914231816,48.90721747412663,49.576630051147134,26304300
2026-01-01,51.970001220703125,53.939998626708984,50.869998931884766,51.79999923706055,39446200
2026-02-01,50.2599983215332,52.724998474121094,48.268001556396484,51.8650016784668,34709500
2026-03-01,45.70989990234375,50.45500183105469,45.568599700927734,49.0099983215332,39451623
